epoch,acc,loss,val_acc,val_loss
0,0.9604662,0.13138890275815585,0.96339816,0.11633293176138843
